fornavn;1950;1960;1970;1980;1990;2000
Aage;44;23;7;0;5;0
Aaron;0;0;0;4;5;0
Aasmund;0;8;0;5;5;0
Abbas;0;5;6;4;0;0
Abdallah;0;0;0;0;0;7
Abdi;0;8;14;17;8;8
Abdirahman;0;5;12;8;13;22
Abdul;11;17;9;6;13;32
Abdulkadir;0;5;4;0;4;4
Abdullah;0;5;5;8;12;20
Abdullahi;0;5;13;16;10;16
Abdulrahman;0;4;5;5;4;0
Abel;0;0;0;5;11;21
Abraham;0;7;4;6;11;5
Adam;0;16;56;81;55;44
Adel;0;0;0;4;0;0
Adem;0;0;0;5;0;0
Adil;0;0;4;4;6;6
Adnan;0;6;6;14;13;6
Adrian;0;4;10;34;156;394
Agnar;20;12;10;0;0;4
Ahmad;8;7;13;27;47;40
Ahmed;16;33;49;68;54;51
Ahmet;0;5;12;10;5;0
Aiden;0;0;0;0;0;0
Ailo;0;0;0;0;0;0
Aksel;26;19;16;12;21;74
Alan;5;9;4;9;11;9
Albert;10;15;11;11;13;22
Alejandro;0;4;0;4;6;0
Aleksandar;0;0;0;11;9;0
Aleksander;0;0;14;64;263;211
Aleksandr;0;0;6;11;7;0
Aleksandrs;0;0;0;11;5;0
Alex;0;6;7;14;11;11
Alexander;6;9;56;136;443;270
Alexandru;0;0;0;9;15;4
Alf;220;167;119;48;29;17
Alfred;25;25;10;4;7;8
Ali;20;40;50;66;67;86
Allan;7;13;18;6;9;0
Alv;12;5;0;0;0;0
Alvin;0;0;0;0;0;4
Amanuel;0;0;4;4;12;0
Amar;0;0;0;5;0;0
Amer;0;0;7;12;0;4
Amin;0;0;0;7;12;16
Amir;0;15;16;22;21;19
Ammar;0;0;0;4;7;6
Amund;15;10;7;41;24;50
Anas;0;0;0;0;4;6
Anders;129;159;232;501;551;244
Andre;0;22;150;170;200;113
Andreas;46;39;77;356;689;550
Andrei;0;0;5;6;12;0
Andrej;0;0;0;9;5;0
Andres;5;0;4;7;8;6
Andrew;7;6;19;12;11;5
Andris;0;0;0;9;6;0
Andrius;0;0;4;24;24;0
Andrzej;9;55;68;54;11;0
Annar;0;0;0;0;0;0
Ansgar;7;5;0;0;0;0
Anthony;0;9;5;7;5;12
Anton;20;13;8;14;20;29
Antoni;0;6;4;0;0;0
Antonio;0;6;10;16;12;9
Anwar;0;0;0;8;4;0
Aram;0;0;0;0;6;0
Are;19;32;65;33;51;21
Ari;0;0;8;0;0;0
Arian;0;0;0;0;0;12
Arild;317;284;219;93;36;17
Arkadiusz;0;0;20;41;14;0
Arman;0;0;0;0;9;8
Armin;0;0;0;5;6;6
Arn;0;0;0;0;0;0
Arne;747;495;273;132;78;40
Arnfinn;91;68;33;15;8;0
Arnold;30;13;0;0;0;0
Arnstein;14;42;13;26;5;0
Arnt;57;91;75;42;13;10
Arnulf;19;15;0;0;0;0
Aron;0;0;4;7;13;40
Arthur;19;17;6;7;8;22
Artur;0;6;29;52;22;4
Arturas;0;0;11;9;15;0
Arunas;0;0;16;8;0;0
Arve;116;138;154;29;13;5
Arvid;217;101;56;22;10;6
Arvin;0;0;0;0;0;0
Arvydas;0;0;4;0;5;0
Aryan;0;0;0;0;0;0
Asbjørn;211;88;70;48;36;21
Asgeir;7;29;22;25;6;15
Ask;0;0;0;0;4;26
Aslak;10;12;11;13;14;22
Asle;40;47;49;31;10;8
Asmund;5;7;4;0;0;0
Atle;82;140;182;83;56;16
Audrius;0;0;9;13;10;0
Audun;51;57;57;80;48;37
August;0;0;0;0;10;75
Aurimas;0;0;0;9;14;0
Axel;8;7;15;11;31;44
Ayman;0;0;0;4;0;0
Baard;0;7;18;5;0;0
Balder;0;0;0;0;0;5
Bartlomiej;0;0;0;25;18;7
Bartosz;0;0;0;16;19;0
Bastian;0;0;0;0;5;14
Ben;4;8;12;10;7;7
Bendik;0;0;7;13;57;89
Bengt;39;54;48;25;11;0
Benjamin;5;0;12;37;112;329
Benny;5;0;5;8;0;0
Bent;29;77;84;25;19;0
Bernard;0;0;5;0;0;0
Bernhard;17;6;4;11;7;6
Bernt;83;73;67;43;26;0
Bertil;7;0;5;5;0;0
Bilal;0;0;5;0;14;18
Birger;104;56;16;21;7;7
Birk;0;0;0;0;5;49
Bjarne;155;66;55;39;20;5
Bjarte;9;31;56;46;17;6
Bjørge;0;0;9;7;4;0
Bjørn;939;952;794;358;226;102
Bjørn-Erik;0;0;10;9;4;0
Bjørnar;58;64;97;96;90;53
Bo;0;12;16;12;13;10
Bogdan;0;4;13;11;5;0
Boguslaw;0;8;10;6;0;0
Borgar;0;0;7;0;4;6
Boris;0;0;5;0;5;0
Brage;0;0;5;5;16;89
Brede;4;10;9;12;16;32
Brian;7;4;9;14;12;22
Bror;7;6;7;0;7;12
Bruno;0;0;0;6;6;4
Brynjar;10;13;7;7;13;12
Brynjulf;8;8;0;0;0;0
Børge;18;34;74;40;13;14
Børre;21;34;41;11;0;0
Bård;37;83;132;80;53;18
Carl;45;55;52;76;92;56
Carlos;6;14;11;21;12;11
Carsten;5;15;17;7;4;0
Casper;0;0;0;0;7;68
Caspian;0;0;0;0;0;0
Cato;12;42;94;67;49;9
Charles;17;6;19;9;9;4
Charlie;0;0;0;0;4;0
Chris;0;0;12;18;81;32
Christen;0;0;6;0;0;0
Christer;0;0;44;60;194;32
Christian;25;41;173;418;423;249
Christoffer;0;0;6;45;249;166
Christopher;9;13;20;53;129;65
Claes;0;0;7;8;0;0
Claus;0;18;12;8;0;5
Colin;5;0;0;4;0;5
Conrad;0;0;0;0;0;6
Constantin;0;0;4;5;0;0
Cornelius;0;0;0;0;5;7
Cristian;0;0;0;10;5;0
Dag;178;316;289;107;58;22
Dagfinn;105;57;33;15;0;0
Dainius;0;0;7;13;8;0
Damian;0;0;0;30;35;8
Dan;9;31;36;64;74;16
Dani;0;0;0;0;13;5
Daniel;9;12;34;300;656;485
Danny;0;0;0;4;5;5
Darius;0;0;15;27;6;0
Dariusz;0;13;81;41;13;0
David;36;38;62;124;123;118
Dawid;0;0;0;23;42;17
Dawit;0;0;0;8;7;0
Deividas;0;0;0;8;13;0
Dejan;0;0;7;7;5;0
Denis;0;0;5;4;7;4
Dennis;0;8;6;10;39;84
Didrik;0;5;7;9;26;50
Diego;0;0;0;7;10;4
Dominic;0;0;0;0;0;0
Dominik;0;0;0;10;17;5
Donatas;0;0;0;15;13;0
Dragan;0;4;6;8;0;0
Eddie;0;9;8;0;4;0
Edgar;32;19;11;5;4;5
Edin;0;0;5;0;6;0
Edmund;13;8;4;4;0;0
Edvard;22;9;13;11;19;58
Edvin;29;20;10;7;4;13
Edward;6;17;5;9;11;18
Edwin;0;0;7;5;5;0
Egidijus;0;0;11;14;15;0
Egil;287;167;98;39;7;12
Eigil;14;0;7;5;4;0
Eilert;11;9;5;6;0;0
Eilif;30;5;9;0;0;0
Einar;288;200;126;89;72;65
Eirik;39;50;153;185;450;325
Eivind;96;93;126;149;123;135
Eldar;20;19;9;4;0;0
Eliah;0;0;0;0;0;0
Elias;0;0;5;9;27;232
Elling;13;9;5;4;6;5
Elliot;0;0;0;0;0;0
Emanuel;0;0;0;0;0;6
Emil;13;11;12;33;240;318
Emilian;0;0;0;0;0;0
Emilio;0;0;0;4;0;5
Emir;0;0;0;0;5;0
Emmanuel;0;0;4;5;8;7
Emre;0;0;0;0;0;8
Emrik;0;0;0;0;0;0
Endre;23;22;49;48;52;57
Eric;0;10;25;21;19;22
Erik;319;309;341;304;373;266
Erland;16;17;18;13;13;6
Erlend;9;9;64;147;167;181
Erling;134;115;62;44;54;48
Ernst;36;35;21;6;7;0
Esben;0;7;11;10;8;0
Eskil;0;0;16;27;21;90
Eskild;5;0;0;11;15;12
Espen;10;105;393;341;434;129
Esten;0;0;0;0;5;0
Evald;6;7;0;0;0;0
Evaldas;0;0;0;12;5;0
Even;19;36;46;55;119;191
Eystein;0;0;4;15;0;0
Eyvind;9;6;7;6;4;0
Fabian;0;0;0;4;19;44
Faisal;0;0;0;5;8;0
Falk;0;0;0;0;0;0
Farhad;0;5;0;6;4;7
Felix;0;0;4;9;17;44
Ferdinand;0;0;0;0;4;12
Fernando;0;5;0;8;4;0
Filip;0;0;0;19;30;113
Fillip;0;0;0;0;0;0
Finn;213;136;72;29;21;22
Flemming;0;5;14;0;4;4
Florian;0;0;0;4;0;4
Francis;0;5;0;4;0;0
Francisco;0;5;4;10;4;4
Franciszek;0;0;0;0;0;4
Frank;163;282;332;166;72;16
Frans;0;0;0;0;4;5
Fred;26;39;39;11;7;5
Freddy;28;29;49;14;8;0
Frederik;0;0;0;0;19;15
Fredrick;0;0;0;6;15;11
Fredrik;22;20;60;218;525;407
Fridtjof;10;0;6;0;8;5
Frithjof;8;0;0;0;0;0
Frits;7;0;0;0;0;0
Fritz;16;12;4;0;0;0
Frode;82;266;528;218;43;7
Gabriel;6;5;10;14;21;71
Gard;0;11;24;13;21;52
Gaute;15;13;34;32;26;31
Gediminas;0;0;4;5;12;0
Geir;260;885;846;287;75;18
Georg;39;22;17;23;10;31
George;0;7;9;12;8;5
Georgios;0;5;0;8;8;0
Gerhard;5;8;7;0;0;0
Gert;0;0;11;4;0;0
Giedrius;0;0;10;9;8;0
Gintaras;0;0;13;11;4;0
Gisle;13;28;42;14;18;0
Gjermund;11;14;32;19;19;16
Gjert;9;7;12;0;0;0
Glen;0;0;5;7;8;0
Glenn;0;32;132;133;118;18
Goran;0;0;14;11;7;0
Gorm;0;4;15;0;0;6
Grzegorz;0;12;55;79;20;0
Gudbrand;7;6;0;0;0;0
Gudmund;39;15;5;4;6;0
Gunnar;496;246;146;58;27;26
Gunvald;21;0;0;0;0;0
Gustav;26;8;7;8;19;22
Guttorm;31;16;13;6;0;0
Gøran;0;9;30;27;25;12
Haakon;9;13;19;24;55;83
Haavard;0;5;0;7;0;5
Hadi;0;0;0;0;6;0
Haldor;9;6;0;0;0;0
Halfdan;5;0;0;0;0;0
Hallgeir;0;51;20;13;4;4
Hallstein;5;6;0;0;0;0
Hallvard;35;12;25;22;17;24
Halvard;36;27;19;10;10;13
Halvor;34;45;31;41;35;46
Hamid;0;15;4;5;0;7
Hamza;0;0;4;7;10;15
Hans;471;383;391;275;201;164
Hans-Petter;5;4;11;7;0;0
Harald;417;275;208;88;59;61
Haris;0;0;0;0;0;6
Harry;85;33;18;4;11;0
Hasan;5;6;19;13;8;11
Hassan;4;16;24;24;25;24
Hauk;0;0;0;0;0;12
Heine;0;7;11;11;9;23
Helge;393;295;231;104;56;14
Helmer;0;6;0;0;0;0
Henning;51;75;118;110;75;61
Henrik;24;55;76;141;327;478
Henry;58;18;11;5;15;19
Henryk;0;15;4;0;0;0
Herman;10;10;9;9;29;168
Hermann;21;8;0;5;0;26
Hermod;11;0;0;0;0;0
Hilmar;12;8;0;0;0;0
Hjalmar;12;5;0;0;0;5
Hogne;0;8;10;6;0;6
Holger;5;7;8;0;0;0
Hubert;0;0;0;4;0;10
Hugo;30;36;35;10;11;16
Hussain;0;0;0;4;5;5
Hussein;0;10;11;18;15;6
Håkon;90;101;105;152;211;245
Håvar;0;0;9;13;8;11
Håvard;64;58;167;215;150;217
Ian;9;9;11;6;0;9
Ibrahim;4;7;16;28;26;24
Idar;31;27;21;13;9;11
Idris;0;0;0;5;0;0
Igor;0;4;7;20;13;4
Ilyas;0;0;0;0;0;6
Imran;0;0;0;15;0;7
Imre;0;0;0;0;0;7
Ingar;57;38;45;10;15;5
Inge;140;115;127;52;12;6
Ingebrigt;6;0;0;0;0;5
Ingmar;0;12;0;0;0;0
Ingolf;8;9;0;0;0;0
Ingvald;19;8;7;0;4;0
Ingvar;30;22;16;9;5;0
Ingve;5;5;11;8;6;4
Ireneusz;0;0;14;9;0;0
Isa;0;0;0;0;4;0
Isaac;0;0;0;0;6;6
Isac;0;0;0;0;0;12
Isak;9;4;0;8;18;145
Ismail;0;10;7;14;12;14
Ivan;7;15;33;38;29;25
Ivar;251;154;123;59;36;34
Iver;15;8;10;7;18;63
Ivo;0;0;4;5;0;0
Jacek;0;9;60;42;6;0
Jack;17;26;15;4;14;8
Jacob;9;0;14;13;30;81
Jahn;12;0;16;8;10;0
Jakob;23;16;13;23;32;134
Jakub;0;0;0;20;39;34
Jamal;0;10;8;12;5;4
James;0;6;22;19;13;8
Jan;1303;1337;1113;539;283;118
Jan-Erik;20;17;30;18;14;0
Janis;0;0;9;22;11;0
Jann;13;6;8;0;0;0
Janusz;6;26;22;11;0;0
Jaran;0;0;0;0;5;5
Jarand;0;0;0;0;8;16
Jardar;0;0;6;0;0;10
Jarl;30;41;26;13;23;10
Jarle;113;159;185;111;43;12
Jaroslaw;0;9;37;32;7;0
Jason;0;0;11;10;4;0
Jean;0;5;10;12;13;6
Jens;143;102;113;85;90;115
Jeppe;0;0;0;0;5;10
Jerzy;7;28;24;8;0;0
Jesper;0;0;9;9;26;93
Jim;7;23;35;38;41;9
Jimmy;0;7;10;14;16;6
Jo;11;24;70;39;28;33
Joachim;0;0;16;66;191;95
Joacim;0;0;0;6;19;8
Joakim;0;0;6;75;333;226
Joao;0;0;0;8;6;0
Joar;22;25;20;22;16;21
Joel;0;0;4;4;8;14
Johan;142;87;74;99;95;129
Johann;6;4;7;4;5;14
Johannes;75;46;30;44;59;157
John;405;380;358;222;161;111
Johnny;105;153;133;40;28;10
Jomar;5;11;6;0;0;4
Jon;238;297;323;266;205;106
Jonah;0;0;0;0;0;0
Jonas;0;8;20;83;338;507
Jonatan;0;0;0;0;17;46
Jonathan;0;4;9;18;45;111
Jone;0;7;14;18;19;17
Jonn;4;0;0;0;0;0
Jonny;42;77;89;24;12;0
Jorge;0;7;9;11;7;0
Jose;10;20;24;26;14;0
Josef;7;0;4;8;4;13
Joseph;0;8;10;10;10;5
Joshua;0;0;0;6;10;11
Jostein;130;110;104;87;64;50
Jozef;0;16;16;8;4;0
Juan;4;0;16;15;13;6
Julian;0;0;9;5;36;63
Julius;0;0;5;6;10;13
Justin;0;0;6;4;0;4
Jøran;0;12;13;24;22;11
Jørg;0;6;6;0;0;0
Jørgen;52;45;87;198;312;288
Jørn;58;181;210;100;61;21
Jørund;0;6;7;8;4;8
Kaare;12;6;10;0;0;0
Kacper;0;0;0;0;0;27
Kai;85;125;126;81;39;11
Kaj;8;9;10;4;0;0
Kamal;0;0;0;5;4;0
Kamil;0;0;0;18;62;13
Karim;0;0;5;5;6;0
Karl;207;118;117;127;98;74
Karol;0;0;0;22;21;5
Karolis;0;0;0;0;20;0
Karstein;30;13;11;0;0;0
Karsten;48;21;24;17;13;17
Kasper;0;0;0;7;23;94
Kato;5;0;8;0;0;4
Kay;6;15;17;37;16;0
Kazimierz;0;16;7;5;0;0
Ken;0;12;54;33;42;13
Kennet;0;0;12;7;12;7
Kenneth;0;57;254;308;281;43
Kenny;0;0;0;0;6;9
Kent;11;16;70;78;69;12
Kestutis;0;5;6;15;14;0
Ketil;47;86;104;29;16;0
Kevin;0;5;7;28;64;158
Khaled;0;5;13;19;7;6
Khalid;0;8;8;17;4;14
Khalil;0;0;0;6;4;5
Kian;0;0;0;0;0;4
Kim;0;23;45;301;401;96
Kim-Andre;0;0;0;7;28;8
Kjartan;10;17;24;33;16;13
Kjell;900;642;419;171;67;24
Kjetil;33;157;403;302;165;31
Klaus;17;18;18;8;0;0
Knut;668;604;455;226;137;91
Kolbjørn;26;12;5;4;5;0
Konrad;16;5;0;22;12;26
Kornelius;0;0;0;0;0;8
Kristen;22;13;11;6;0;5
Krister;0;0;5;14;29;25
Kristian;53;65;87;356;429;370
Kristoffer;9;8;15;94;427;327
Krystian;0;0;0;12;11;9
Krzysztof;0;31;88;150;37;0
Kurt;43;153;103;32;7;0
Kyrre;20;7;16;17;9;7
Kåre;302;147;87;28;11;4
Lars;322;500;638;566;489;330
Lars-Erik;0;0;21;12;16;4
Lasse;39;49;98;102;163;68
Laurits;5;0;0;0;0;4
Lauritz;0;0;0;0;0;8
Lavrans;0;0;0;0;0;4
Leander;0;0;0;0;0;26
Leif;367;270;193;95;55;24
Leiv;38;21;12;9;0;4
Lennart;0;8;9;13;8;0
Leo;0;10;0;5;12;30
Leon;5;10;6;7;6;48
Leonard;0;0;0;0;0;10
Leonardo;0;0;0;0;0;0
Leszek;0;17;15;19;4;0
Levi;0;0;0;6;10;10
Liam;0;0;0;0;7;22
Liban;0;0;0;5;0;6
Linas;0;0;4;13;7;0
Linus;0;0;0;0;5;16
Loke;0;0;0;0;0;14
Lorentz;0;5;0;0;0;0
Louis;0;0;0;4;0;5
Luca;0;0;0;0;4;6
Lucas;0;0;0;5;0;43
Ludvig;7;5;0;0;8;43
Ludvik;0;0;0;0;7;22
Luis;4;10;8;9;10;7
Luka;0;0;0;0;0;7
Lukas;0;0;0;5;16;64
Lukasz;0;0;0;97;55;5
Lyder;0;0;0;0;0;0
Maciej;0;0;17;35;41;10
Mads;5;10;30;74;155;104
Magnar;84;60;32;14;7;11
Magne;278;167;161;57;45;29
Magnus;33;29;25;234;451;432
Mahad;0;0;0;0;8;10
Mahamed;0;8;5;7;8;10
Mahdi;0;0;6;7;4;12
Mahmoud;0;0;6;12;10;10
Maksymilian;0;0;0;0;0;4
Malik;0;0;4;0;0;6
Malvin;9;10;0;0;0;0
Mantas;0;0;0;10;27;5
Manuel;0;5;9;13;10;4
Marc;0;0;4;8;4;0
Marcel;4;0;0;11;0;8
Marcin;0;0;8;174;57;0
Marco;0;0;9;15;12;13
Marcus;0;0;11;24;70;274
Marek;0;43;54;67;23;0
Marian;0;15;11;16;0;0
Mario;6;0;14;19;5;0
Marius;0;12;54;319;590;436
Mariusz;0;8;39;79;27;0
Mark;5;13;25;12;12;7
Marko;0;0;5;12;17;0
Markus;0;5;14;22;88;358
Martin;65;61;95;300;606;597
Martinius;0;0;0;0;0;5
Martinus;0;0;0;0;5;10
Martynas;0;0;0;5;8;4
Marvin;8;4;0;0;4;0
Matas;0;0;0;0;0;0
Mateo;0;0;0;0;0;0
Mateusz;0;0;0;11;95;29
Matheo;0;0;0;0;0;0
Matheus;0;0;0;0;0;4
Mathias;0;7;5;17;156;499
Mathis;0;0;0;4;12;0
Matias;0;0;0;0;26;57
Mats;5;14;23;73;259;222
Matteo;0;0;0;0;4;5
Matthew;0;0;7;18;19;7
Matthias;0;0;7;12;0;0
Mattias;0;0;0;0;8;20
Mattis;0;0;0;9;16;18
Max;0;0;5;7;16;33
Maximilian;0;0;0;0;0;13
Mehdi;0;0;5;12;6;8
Mehmet;5;11;10;15;8;7
Melvin;0;0;0;0;0;0
Michael;29;37;64;90;182;77
Michal;0;6;9;100;72;13
Miguel;0;4;0;5;11;5
Mika;0;0;4;0;0;6
Mikael;5;4;13;31;96;86
Mikail;0;0;0;0;0;0
Mikal;0;4;0;10;23;19
Mike;0;0;0;5;9;5
Mikkel;0;6;11;15;60;59
Mikolaj;0;0;0;0;0;6
Milan;7;0;8;7;11;6
Milian;0;0;0;0;0;0
Milos;0;0;0;8;9;0
Mindaugas;0;0;0;43;26;0
Minh;0;10;7;4;0;4
Mio;0;0;0;0;0;0
Miroslav;0;0;6;11;6;0
Miroslaw;0;23;31;17;0;0
Mohamad;0;0;15;28;27;35
Mohamed;22;46;59;65;69;65
Mohammad;66;66;68;67;80;95
Mohammed;13;28;40;44;56;74
Mons;4;0;0;0;0;0
Morgan;0;0;8;15;8;18
Morten;134;558;614;468;400;118
Mostafa;0;0;0;5;4;7
Muhammad;7;0;22;38;32;21
Muhammed;0;0;0;0;5;5
Mustafa;7;8;22;23;23;20
Narve;5;4;6;0;0;0
Natan;0;0;0;0;0;0
Nataniel;0;0;0;0;0;0
Nathan;0;0;0;0;4;0
Nathaniel;0;0;0;0;0;12
Neo;0;0;0;0;0;0
Nerijus;0;0;0;27;8;0
Nicholas;0;0;8;5;26;32
Nicklas;0;0;0;0;26;19
Niclas;0;0;0;4;20;10
Nicolai;0;4;7;13;60;81
Nicolas;0;0;0;10;23;22
Nicolay;0;0;0;5;20;34
Niels;16;16;12;9;11;4
Niklas;0;0;4;8;62;76
Nikola;4;0;0;13;9;6
Nikolai;5;0;0;12;58;144
Nikolas;0;0;0;0;9;5
Nikolay;0;4;0;5;10;5
Nils;328;257;229;121;85;60
Njål;4;13;10;7;10;17
Noa;0;0;0;0;0;0
Noah;0;0;0;0;4;34
Noel;0;0;0;0;0;5
Norbert;0;0;0;11;5;0
Normann;7;0;0;0;0;0
Norvald;15;8;6;0;0;0
Odd;589;465;300;135;64;29
Oddbjørn;91;53;49;27;17;6
Oddgeir;10;20;19;22;5;0
Oddleif;6;6;4;0;0;0
Oddmund;42;20;9;4;4;0
Oddvar;161;78;50;14;6;6
Oddvin;8;13;0;0;0;0
Odin;0;0;0;5;20;84
Ola;132;124;95;105;109;119
Olaf;52;40;20;9;13;11
Olai;0;0;0;0;0;9
Olav;291;224;154;88;111;101
Ole;483;559;506;430;519;337
Ole-Christian;0;0;6;8;7;6
Ole-Jørgen;0;0;0;4;5;8
Ole-Kristian;0;0;5;15;12;7
Ole-Martin;0;0;0;7;5;14
Ole-Petter;0;6;7;4;6;4
Oliver;0;0;8;9;24;128
Olivier;0;0;0;5;0;0
Olve;0;0;0;0;0;17
Omar;5;12;16;37;35;26
Omer;0;0;0;0;5;0
Omid;0;0;0;5;12;0
Oscar;5;6;4;9;32;96
Oskar;10;8;6;9;20;120
Osman;6;7;10;7;10;9
Osvald;7;6;0;0;0;0
Ottar;56;26;14;6;0;7
Otto;49;42;10;7;0;6
Ove;135;202;152;63;18;12
Paal;6;17;29;8;10;6
Patrick;0;0;16;20;109;98
Patrik;0;0;0;4;19;28
Patryk;0;0;0;10;18;15
Paul;93;75;87;54;41;32
Paulius;0;0;0;8;16;0
Pavel;0;0;0;10;5;0
Pawel;0;0;40;139;63;13
Peder;27;33;21;22;34;94
Pedro;0;0;8;14;5;0
Pelle;0;0;0;0;0;0
Per;1063;935;599;290;188;72
Per-Arne;6;7;6;6;0;0
Per-Erik;4;5;5;4;0;0
Peter;49;68;71;85;80;58
Petter;91;135;145;140;270;158
Philip;0;8;6;17;46;80
Phillip;0;0;0;0;9;19
Piotr;0;20;92;124;55;12
Preben;0;5;24;23;84;75
Przemyslaw;0;0;4;46;19;5
Pål;73;204;298;191;125;37
Radoslaw;0;0;4;36;7;0
Rafael;0;0;0;6;7;0
Rafal;0;0;17;80;25;4
Ragnar;151;62;47;24;18;11
Ragnvald;15;8;7;0;0;0
Rainer;0;9;9;5;0;0
Rami;0;0;0;6;0;5
Ramunas;0;0;6;16;0;0
Rasmus;8;7;6;22;40;50
Ravn;0;0;0;0;0;7
Rayan;0;0;0;0;0;0
Raymond;11;29;80;106;75;12
Reidar;208;118;63;41;19;11
Remi;0;5;27;31;49;25
Remy;0;0;4;5;16;9
Rene;0;4;14;15;27;15
Reza;0;6;7;4;0;7
Ricardo;0;0;4;9;6;0
Richard;20;28;93;80;60;24
Rikard;0;0;8;9;15;9
Rino;0;5;8;5;10;0
Roald;101;90;47;16;6;6
Roar;147;222;211;74;22;8
Robel;0;0;0;0;9;6
Robert;61;91;286;210;148;53
Robertas;0;0;7;6;0;0
Roberto;0;0;0;7;4;0
Robin;0;10;41;43;210;162
Roger;89;237;363;175;45;6
Roland;0;5;5;6;0;4
Rolandas;0;0;18;9;6;0
Rolf;422;298;156;90;45;14
Rolv;20;4;7;0;0;0
Roman;0;12;19;20;9;0
Ronald;28;26;24;4;0;4
Ronnie;0;0;10;17;4;0
Ronny;11;51;368;172;35;9
Roy;100;229;260;115;45;6
Ruben;0;0;10;31;124;102
Rudi;0;4;6;32;20;0
Rudolf;10;0;0;0;0;0
Runar;22;97;82;67;78;37
Rune;153;579;841;305;132;28
Ryan;0;0;0;0;6;7
Ryszard;0;14;13;6;0;0
Said;4;14;23;19;12;15
Salah;0;0;4;5;0;0
Saleh;0;0;5;4;0;0
Salman;0;0;0;0;0;6
Sam;0;4;4;5;9;5
Sami;0;0;11;0;7;4
Samir;0;4;10;10;5;4
Samson;0;0;4;4;0;6
Samuel;11;5;11;23;30;46
Sander;0;0;5;0;26;585
Saulius;0;0;18;22;0;0
Scott;0;0;9;4;12;18
Sean;0;0;0;0;13;17
Sebastian;0;0;8;65;136;360
Selmer;0;0;0;0;0;0
Severin;0;0;0;0;5;0
Seyed;0;0;0;4;0;7
Sigbjørn;47;38;30;27;32;20
Sigfred;0;0;0;0;0;0
Sigmund;111;52;30;20;15;13
Sigurd;73;60;44;43;70;138
Sigvald;0;0;0;5;0;0
Sigvart;0;0;0;0;0;0
Sigve;16;19;22;15;18;38
Silas;0;0;0;0;0;0
Simen;0;8;27;63;363;413
Simon;6;9;19;49;157;207
Sindre;5;13;29;77;259;248
Sivert;6;7;0;5;20;150
Sjur;19;25;25;21;13;22
Skjalg;0;5;11;6;0;0
Slawomir;0;10;44;36;12;0
Snorre;11;16;28;11;19;46
Solomon;0;0;7;7;4;0
Sondre;0;0;6;30;204;344
Stanislaw;7;27;23;9;0;0
Stefan;0;17;32;50;77;29
Steffan;0;0;0;8;9;0
Steffen;0;8;27;48;166;90
Stein;201;327;227;85;39;18
Steinar;363;246;259;85;57;23
Sten;35;37;77;14;7;0
Stephan;0;0;12;13;15;4
Stephen;7;11;10;11;21;5
Steve;0;0;9;7;7;0
Steven;0;9;11;13;20;8
Stian;0;8;46;525;604;249
Stig;55;235;434;180;76;23
Storm;0;0;0;0;0;8
Sture;10;10;11;0;0;0
Sturla;12;14;14;17;6;7
Ståle;48;75;156;62;33;6
Svein;910;614;509;178;68;32
Svein-Erik;6;6;7;0;4;0
Sveinung;23;43;31;35;20;10
Sven;87;102;90;69;44;19
Svend;24;23;14;5;7;5
Svenn;26;24;40;11;7;0
Sverre;178;110;70;56;45;51
Syed;0;4;0;13;16;0
Sylwester;0;4;0;18;5;0
Syver;0;0;0;0;7;14
Sølve;0;0;8;7;5;8
Szymon;0;0;0;8;13;9
Søren;7;6;7;4;7;0
Tadas;0;0;0;7;21;0
Tadeusz;6;17;10;7;0;0
Tage;0;6;9;0;8;14
Tarald;0;0;0;0;0;13
Tarjei;5;6;12;20;35;15
Ted;0;0;9;0;4;0
Tellef;6;0;4;0;0;4
Teo;0;0;0;0;0;5
Teodor;0;0;0;4;6;31
Terje;604;647;554;186;60;10
Thanh;0;6;7;6;6;0
Theo;0;0;0;0;4;13
Theodor;0;0;0;4;13;51
Thomas;28;50;378;698;782;400
Thor;177;167;129;86;61;26
Thorbjørn;36;25;24;16;9;5
Thore;49;30;25;10;7;0
Thorleif;30;16;6;4;5;0
Thorstein;10;7;7;5;6;0
Thorvald;11;4;0;0;0;6
Tim;0;0;22;21;32;28
Timian;0;0;0;0;0;0
Timothy;0;0;0;7;10;0
Tobias;0;0;0;19;95;417
Tom;256;536;387;257;144;43
Tom-Erik;0;6;4;13;7;0
Tomas;6;8;25;107;93;37
Tomasz;0;4;69;167;52;8
Tommy;22;118;300;257;201;55
Toni;0;0;0;0;0;4
Tonny;0;9;15;6;0;0
Tony;0;19;32;37;52;23
Tor;512;503;399;301;184;97
Tor-Arne;0;0;11;4;6;0
Tor-Erik;0;0;0;13;7;0
Toralf;12;9;4;5;0;0
Torben;0;0;6;8;8;5
Torbjørn;169;118;130;107;88;41
Tord;5;8;31;20;36;46
Tore;389;374;353;163;87;29
Torfinn;36;31;19;12;6;4
Torgeir;56;63;72;51;43;11
Torger;15;12;7;4;0;0
Torgrim;0;13;21;8;0;8
Torje;0;0;0;8;13;15
Torjus;0;0;0;4;16;41
Torkel;0;9;13;11;8;8
Torkil;0;0;4;6;16;4
Torkild;5;4;6;5;0;0
Torleif;51;18;14;9;4;0
Torleiv;8;6;5;4;0;0
Tormod;70;64;37;35;23;16
Torodd;9;0;6;0;0;0
Torstein;69;57;51;48;81;46
Torvald;5;0;0;0;0;0
Tristan;0;0;0;0;0;9
Tron;11;13;17;0;4;0
Trond;261;489;602;275;91;20
Troy;0;0;0;0;0;7
Truls;25;41;32;51;70;66
Trygve;116;86;48;50;34;55
Trym;0;4;4;4;19;133
Tønnes;0;0;0;0;0;0
Ulf;79;82;67;18;8;4
Ulrik;0;0;0;5;22;66
Usman;0;0;0;4;13;4
Vaidas;0;0;5;8;7;0
Valentin;0;4;0;10;0;11
Van;0;7;5;0;0;0
Varg;0;0;0;0;0;0
Vebjørn;0;0;13;12;13;58
Vegar;0;6;36;46;56;29
Vegard;5;15;76;145;250;210
Vemund;0;0;4;4;7;32
Vetle;0;0;0;5;35;143
Victor;8;13;16;14;44;79
Vidar;167;250;275;131;63;15
Viggo;52;47;29;11;6;0
Viktor;19;10;11;8;21;58
Vilhelm;0;0;0;0;0;0
Viljar;0;0;0;0;5;23
Villy;27;5;0;0;0;0
Vincent;0;0;0;5;7;13
Vladimir;8;11;12;19;6;0
Vytautas;0;5;5;7;15;0
Waldemar;0;16;16;13;0;0
Walid;0;0;0;9;0;11
Walter;17;13;5;4;0;4
Werner;17;17;25;7;0;0
Widar;0;4;6;0;0;0
Wieslaw;4;20;14;4;0;0
Wiggo;14;10;15;8;0;0
Wiktor;0;0;0;0;5;9
Wilhelm;11;0;0;8;11;15
William;11;14;10;24;50;177
Willy;104;56;20;4;5;0
Wilmer;0;0;0;0;0;0
Wojciech;0;10;45;59;19;4
Yahya;0;0;0;0;0;4
Yasin;0;0;0;6;9;7
Yngvar;32;16;15;5;0;0
Yngve;45;42;86;45;21;11
Yonas;0;0;7;7;15;5
Yosef;0;0;0;4;0;0
Yousef;0;0;6;0;8;7
Youssef;0;0;7;0;0;12
Yusuf;0;5;12;9;7;7
Zakaria;0;0;0;0;4;9
Zbigniew;0;42;34;19;0;0
Zoran;0;9;0;6;0;0
Øistein;20;19;8;9;5;0
Øivind;134;81;64;32;19;7
Ørjan;9;15;71;93;139;47
Ørnulf;16;10;7;0;0;0
Øystein;178;180;285;274;141;52
Øyvind;181;228;390;363;195;58
Ådne;7;7;7;5;12;51
Åge;148;112;41;21;16;0
Åsmund;35;25;19;34;27;24
